{
  "warnings": [
    {
      "file": "/Users/dhave/Documents/AI/Russell-Norvig/Stage/aima-swift/AImaKit/Agents.swift",
      "line": 317,
      "symbol": "Object.init()",
      "symbol_kind": "source.lang.swift.decl.function.method.instance",
      "warning": "undocumented"
    },
    {
      "file": "/Users/dhave/Documents/AI/Russell-Norvig/Stage/aima-swift/AImaKit/Environments.swift",
      "line": 179,
      "symbol": "AnEnvironment.step()",
      "symbol_kind": "source.lang.swift.decl.function.method.instance",
      "warning": "undocumented"
    },
    {
      "file": "/Users/dhave/Documents/AI/Russell-Norvig/Stage/aima-swift/AImaKit/Environments.swift",
      "line": 209,
      "symbol": "AnEnvironment.step(_:)",
      "symbol_kind": "source.lang.swift.decl.function.method.instance",
      "warning": "undocumented"
    },
    {
      "file": "/Users/dhave/Documents/AI/Russell-Norvig/Stage/aima-swift/AImaKit/Environments.swift",
      "line": 236,
      "symbol": "AnEnvironment.getScores(forAgent:)",
      "symbol_kind": "source.lang.swift.decl.function.method.instance",
      "warning": "undocumented"
    },
    {
      "file": "/Users/dhave/Documents/AI/Russell-Norvig/Stage/aima-swift/AImaKit/Environments.swift",
      "line": 242,
      "symbol": "AnEnvironment.addEnvironmentView(_:)",
      "symbol_kind": "source.lang.swift.decl.function.method.instance",
      "warning": "undocumented"
    },
    {
      "file": "/Users/dhave/Documents/AI/Russell-Norvig/Stage/aima-swift/AImaKit/Environments.swift",
      "line": 246,
      "symbol": "AnEnvironment.removeEnvironmentView(_:)",
      "symbol_kind": "source.lang.swift.decl.function.method.instance",
      "warning": "undocumented"
    },
    {
      "file": "/Users/dhave/Documents/AI/Russell-Norvig/Stage/aima-swift/AImaKit/SimpleActionTracker.swift",
      "line": 18,
      "symbol": "SimpleActionTracker.getActions()",
      "symbol_kind": "source.lang.swift.decl.function.method.instance",
      "warning": "undocumented"
    },
    {
      "file": "/Users/dhave/Documents/AI/Russell-Norvig/Stage/aima-swift/AImaKit/VacuumWorld.swift",
      "line": 28,
      "symbol": "VacuumWorld.left",
      "symbol_kind": "source.lang.swift.decl.var.static",
      "warning": "undocumented"
    },
    {
      "file": "/Users/dhave/Documents/AI/Russell-Norvig/Stage/aima-swift/AImaKit/VacuumWorld.swift",
      "line": 29,
      "symbol": "VacuumWorld.LocationState",
      "symbol_kind": "source.lang.swift.decl.enum",
      "warning": "undocumented"
    },
    {
      "file": "/Users/dhave/Documents/AI/Russell-Norvig/Stage/aima-swift/AImaKit/VacuumWorld.swift",
      "line": 29,
      "symbol": "VacuumWorld.LocationState.clean",
      "symbol_kind": "source.lang.swift.decl.enumelement",
      "warning": "undocumented"
    },
    {
      "file": "/Users/dhave/Documents/AI/Russell-Norvig/Stage/aima-swift/AImaKit/VacuumWorld.swift",
      "line": 29,
      "symbol": "VacuumWorld.LocationState.dirty",
      "symbol_kind": "source.lang.swift.decl.enumelement",
      "warning": "undocumented"
    },
    {
      "file": "/Users/dhave/Documents/AI/Russell-Norvig/Stage/aima-swift/AImaKit/VacuumWorld.swift",
      "line": 29,
      "symbol": "VacuumWorld.LocationState.unknown",
      "symbol_kind": "source.lang.swift.decl.enumelement",
      "warning": "undocumented"
    },
    {
      "file": "/Users/dhave/Documents/AI/Russell-Norvig/Stage/aima-swift/AImaKit/VacuumWorld.swift",
      "line": 32,
      "symbol": "VacuumWorld.Stuff",
      "symbol_kind": "source.lang.swift.decl.typealias",
      "warning": "undocumented"
    },
    {
      "file": "/Users/dhave/Documents/AI/Russell-Norvig/Stage/aima-swift/AImaKit/VacuumWorld.swift",
      "line": 45,
      "symbol": "VacuumWorld.AgentAction.blueScreen",
      "symbol_kind": "source.lang.swift.decl.enumelement",
      "warning": "undocumented"
    },
    {
      "file": "/Users/dhave/Documents/AI/Russell-Norvig/Stage/aima-swift/AImaKit/VacuumWorld.swift",
      "line": 45,
      "symbol": "VacuumWorld.AgentAction.etc",
      "symbol_kind": "source.lang.swift.decl.enumelement",
      "warning": "undocumented"
    },
    {
      "file": "/Users/dhave/Documents/AI/Russell-Norvig/Stage/aima-swift/AImaKit/VacuumWorld.swift",
      "line": 45,
      "symbol": "VacuumWorld.AgentAction.moveDown",
      "symbol_kind": "source.lang.swift.decl.enumelement",
      "warning": "undocumented"
    },
    {
      "file": "/Users/dhave/Documents/AI/Russell-Norvig/Stage/aima-swift/AImaKit/VacuumWorld.swift",
      "line": 45,
      "symbol": "VacuumWorld.AgentAction.moveLeft",
      "symbol_kind": "source.lang.swift.decl.enumelement",
      "warning": "undocumented"
    },
    {
      "file": "/Users/dhave/Documents/AI/Russell-Norvig/Stage/aima-swift/AImaKit/VacuumWorld.swift",
      "line": 45,
      "symbol": "VacuumWorld.AgentAction.moveRight",
      "symbol_kind": "source.lang.swift.decl.enumelement",
      "warning": "undocumented"
    },
    {
      "file": "/Users/dhave/Documents/AI/Russell-Norvig/Stage/aima-swift/AImaKit/VacuumWorld.swift",
      "line": 45,
      "symbol": "VacuumWorld.AgentAction.moveUp",
      "symbol_kind": "source.lang.swift.decl.enumelement",
      "warning": "undocumented"
    },
    {
      "file": "/Users/dhave/Documents/AI/Russell-Norvig/Stage/aima-swift/AImaKit/VacuumWorld.swift",
      "line": 45,
      "symbol": "VacuumWorld.AgentAction.noOp",
      "symbol_kind": "source.lang.swift.decl.enumelement",
      "warning": "undocumented"
    },
    {
      "file": "/Users/dhave/Documents/AI/Russell-Norvig/Stage/aima-swift/AImaKit/VacuumWorld.swift",
      "line": 45,
      "symbol": "VacuumWorld.AgentAction.overheat",
      "symbol_kind": "source.lang.swift.decl.enumelement",
      "warning": "undocumented"
    },
    {
      "file": "/Users/dhave/Documents/AI/Russell-Norvig/Stage/aima-swift/AImaKit/VacuumWorld.swift",
      "line": 45,
      "symbol": "VacuumWorld.AgentAction.suck",
      "symbol_kind": "source.lang.swift.decl.enumelement",
      "warning": "undocumented"
    },
    {
      "file": "/Users/dhave/Documents/AI/Russell-Norvig/Stage/aima-swift/AImaKit/VacuumWorld.swift",
      "line": 61,
      "symbol": "VacuumWorld.EnvironmentAction.moveAgent",
      "symbol_kind": "source.lang.swift.decl.enumelement",
      "warning": "undocumented"
    },
    {
      "file": "/Users/dhave/Documents/AI/Russell-Norvig/Stage/aima-swift/AImaKit/VacuumWorld.swift",
      "line": 61,
      "symbol": "VacuumWorld.EnvironmentAction.noOp",
      "symbol_kind": "source.lang.swift.decl.enumelement",
      "warning": "undocumented"
    },
    {
      "file": "/Users/dhave/Documents/AI/Russell-Norvig/Stage/aima-swift/AImaKit/VacuumWorld.swift",
      "line": 61,
      "symbol": "VacuumWorld.EnvironmentAction.removeDirt",
      "symbol_kind": "source.lang.swift.decl.enumelement",
      "warning": "undocumented"
    },
    {
      "file": "/Users/dhave/Documents/AI/Russell-Norvig/Stage/aima-swift/AImaKit/VacuumWorld.swift",
      "line": 61,
      "symbol": "VacuumWorld.EnvironmentAction.seeBump",
      "symbol_kind": "source.lang.swift.decl.enumelement",
      "warning": "undocumented"
    },
    {
      "file": "/Users/dhave/Documents/AI/Russell-Norvig/Stage/aima-swift/AImaKit/VacuumWorld.swift",
      "line": 61,
      "symbol": "VacuumWorld.EnvironmentAction.unplugAgent",
      "symbol_kind": "source.lang.swift.decl.enumelement",
      "warning": "undocumented"
    },
    {
      "file": "/Users/dhave/Documents/AI/Russell-Norvig/Stage/aima-swift/AImaKit/VacuumWorld.swift",
      "line": 69,
      "symbol": "VacuumWorld.AgentPercept.location",
      "symbol_kind": "source.lang.swift.decl.var.instance",
      "warning": "undocumented"
    },
    {
      "file": "/Users/dhave/Documents/AI/Russell-Norvig/Stage/aima-swift/AImaKit/VacuumWorld.swift",
      "line": 70,
      "symbol": "VacuumWorld.AgentPercept.objects",
      "symbol_kind": "source.lang.swift.decl.var.instance",
      "warning": "undocumented"
    },
    {
      "file": "/Users/dhave/Documents/AI/Russell-Norvig/Stage/aima-swift/AImaKit/VacuumWorld.swift",
      "line": 73,
      "symbol": "VacuumWorld.AgentPercept.init(location:objects:)",
      "symbol_kind": "source.lang.swift.decl.function.method.instance",
      "warning": "undocumented"
    }
  ],
  "source_directory": "/Users/dhave/Documents/AI/Russell-Norvig/Stage/aima-swift"
}